{
  "backend": "ibm_marrakesh",
  "timestamp": "2026-03-25T19:47:44.195358",
  "n_qubits": 156,
  "good_qubits": [
    0,
    1,
    2,
    3,
    4,
    5,
    6,
    7,
    8,
    10,
    11,
    12,
    13,
    14,
    15,
    16,
    17,
    18,
    19,
    20,
    21,
    22,
    24,
    27,
    28,
    29,
    30,
    31,
    32,
    34,
    35,
    36,
    37,
    38,
    40,
    41,
    42,
    43,
    44,
    45,
    46,
    49,
    50,
    52,
    53,
    54,
    55,
    56,
    57,
    59,
    60,
    61,
    62,
    63,
    64,
    65,
    66,
    67,
    68,
    69,
    70,
    71,
    72,
    73,
    74,
    75,
    76,
    77,
    78,
    80,
    81,
    84,
    85,
    86,
    87,
    88,
    90,
    91,
    92,
    93,
    94,
    95,
    96,
    97,
    98,
    99,
    100,
    101,
    102,
    103,
    104,
    105,
    106,
    107,
    108,
    109,
    110,
    111,
    112,
    114,
    115,
    116,
    117,
    118,
    120,
    121,
    122,
    124,
    125,
    126,
    127,
    128,
    129,
    131,
    132,
    133,
    134,
    135,
    136,
    137,
    138,
    139,
    140,
    141,
    142,
    143,
    144,
    145,
    146,
    147,
    148,
    149,
    150,
    151,
    152,
    153,
    154,
    155
  ],
  "bad_qubits": [
    9,
    23,
    25,
    26,
    33,
    39,
    47,
    48,
    51,
    58,
    79,
    82,
    83,
    89,
    113,
    119,
    123,
    130
  ],
  "dead_qubits": [],
  "n_good_edges": 268,
  "qubit_stats": {
    "0": {
      "t1_us": 379.8,
      "t2_us": 36.22,
      "readout_error": 0.01318,
      "class": "good"
    },
    "1": {
      "t1_us": 204.41,
      "t2_us": 165.99,
      "readout_error": 0.00146,
      "class": "good"
    },
    "2": {
      "t1_us": 368.61,
      "t2_us": 452.87,
      "readout_error": 0.00757,
      "class": "good"
    },
    "3": {
      "t1_us": 379.2,
      "t2_us": 341.54,
      "readout_error": 0.00488,
      "class": "good"
    },
    "4": {
      "t1_us": 209.67,
      "t2_us": 255.55,
      "readout_error": 0.00684,
      "class": "good"
    },
    "5": {
      "t1_us": 283.85,
      "t2_us": 204.91,
      "readout_error": 0.00342,
      "class": "good"
    },
    "6": {
      "t1_us": 308.67,
      "t2_us": 314.35,
      "readout_error": 0.00757,
      "class": "good"
    },
    "7": {
      "t1_us": 263.59,
      "t2_us": 126.02,
      "readout_error": 0.00562,
      "class": "good"
    },
    "8": {
      "t1_us": 169.23,
      "t2_us": 36.21,
      "readout_error": 0.0083,
      "class": "good"
    },
    "9": {
      "t1_us": 208.16,
      "t2_us": 297.82,
      "readout_error": 0.40356,
      "class": "bad"
    },
    "10": {
      "t1_us": 226.09,
      "t2_us": 110.94,
      "readout_error": 0.00708,
      "class": "good"
    },
    "11": {
      "t1_us": 268.91,
      "t2_us": 207.7,
      "readout_error": 0.0144,
      "class": "good"
    },
    "12": {
      "t1_us": 236.65,
      "t2_us": 135.28,
      "readout_error": 0.00464,
      "class": "good"
    },
    "13": {
      "t1_us": 169.12,
      "t2_us": 159.82,
      "readout_error": 0.00586,
      "class": "good"
    },
    "14": {
      "t1_us": 335.75,
      "t2_us": 129.58,
      "readout_error": 0.00366,
      "class": "good"
    },
    "15": {
      "t1_us": 222.62,
      "t2_us": 30.17,
      "readout_error": 0.00464,
      "class": "good"
    },
    "16": {
      "t1_us": 155.17,
      "t2_us": 104.62,
      "readout_error": 0.0083,
      "class": "good"
    },
    "17": {
      "t1_us": 148.03,
      "t2_us": 11.22,
      "readout_error": 0.00708,
      "class": "good"
    },
    "18": {
      "t1_us": 119.79,
      "t2_us": 129.91,
      "readout_error": 0.00659,
      "class": "good"
    },
    "19": {
      "t1_us": 156.22,
      "t2_us": 64.05,
      "readout_error": 0.00708,
      "class": "good"
    },
    "20": {
      "t1_us": 157.15,
      "t2_us": 115.65,
      "readout_error": 0.03003,
      "class": "good"
    },
    "21": {
      "t1_us": 283.5,
      "t2_us": 29.11,
      "readout_error": 0.00366,
      "class": "good"
    },
    "22": {
      "t1_us": 236.66,
      "t2_us": 38.33,
      "readout_error": 0.01343,
      "class": "good"
    },
    "23": {
      "t1_us": 239.0,
      "t2_us": 195.87,
      "readout_error": 0.21387,
      "class": "bad"
    },
    "24": {
      "t1_us": 183.42,
      "t2_us": 134.93,
      "readout_error": 0.01685,
      "class": "good"
    },
    "25": {
      "t1_us": 185.65,
      "t2_us": 62.76,
      "readout_error": 0.11206,
      "class": "bad"
    },
    "26": {
      "t1_us": 6.96,
      "t2_us": 8.95,
      "readout_error": 0.05054,
      "class": "bad"
    },
    "27": {
      "t1_us": 146.0,
      "t2_us": 130.84,
      "readout_error": 0.00586,
      "class": "good"
    },
    "28": {
      "t1_us": 266.57,
      "t2_us": 268.71,
      "readout_error": 0.00806,
      "class": "good"
    },
    "29": {
      "t1_us": 55.6,
      "t2_us": 37.72,
      "readout_error": 0.03345,
      "class": "good"
    },
    "30": {
      "t1_us": 206.0,
      "t2_us": 137.35,
      "readout_error": 0.01099,
      "class": "good"
    },
    "31": {
      "t1_us": 149.68,
      "t2_us": 62.76,
      "readout_error": 0.01343,
      "class": "good"
    },
    "32": {
      "t1_us": 255.27,
      "t2_us": 42.74,
      "readout_error": 0.01147,
      "class": "good"
    },
    "33": {
      "t1_us": 186.95,
      "t2_us": 136.22,
      "readout_error": 0.06665,
      "class": "bad"
    },
    "34": {
      "t1_us": 68.73,
      "t2_us": 71.59,
      "readout_error": 0.00439,
      "class": "good"
    },
    "35": {
      "t1_us": 277.95,
      "t2_us": 369.6,
      "readout_error": 0.02295,
      "class": "good"
    },
    "36": {
      "t1_us": 239.59,
      "t2_us": 59.39,
      "readout_error": 0.01392,
      "class": "good"
    },
    "37": {
      "t1_us": 115.05,
      "t2_us": 31.83,
      "readout_error": 0.01831,
      "class": "good"
    },
    "38": {
      "t1_us": 45.48,
      "t2_us": 42.91,
      "readout_error": 0.00879,
      "class": "good"
    },
    "39": {
      "t1_us": 66.15,
      "t2_us": 51.3,
      "readout_error": 0.05273,
      "class": "bad"
    },
    "40": {
      "t1_us": 201.79,
      "t2_us": 97.95,
      "readout_error": 0.01318,
      "class": "good"
    },
    "41": {
      "t1_us": 186.55,
      "t2_us": 34.03,
      "readout_error": 0.01587,
      "class": "good"
    },
    "42": {
      "t1_us": 275.64,
      "t2_us": 166.35,
      "readout_error": 0.01147,
      "class": "good"
    },
    "43": {
      "t1_us": 303.7,
      "t2_us": 87.55,
      "readout_error": 0.03271,
      "class": "good"
    },
    "44": {
      "t1_us": 244.12,
      "t2_us": 187.55,
      "readout_error": 0.00659,
      "class": "good"
    },
    "45": {
      "t1_us": 55.44,
      "t2_us": 65.57,
      "readout_error": 0.01343,
      "class": "good"
    },
    "46": {
      "t1_us": 135.94,
      "t2_us": 84.66,
      "readout_error": 0.01074,
      "class": "good"
    },
    "47": {
      "t1_us": 215.09,
      "t2_us": 115.65,
      "readout_error": 0.12817,
      "class": "bad"
    },
    "48": {
      "t1_us": 185.42,
      "t2_us": 166.79,
      "readout_error": 0.05981,
      "class": "bad"
    },
    "49": {
      "t1_us": 194.13,
      "t2_us": 200.3,
      "readout_error": 0.0127,
      "class": "good"
    },
    "50": {
      "t1_us": 151.24,
      "t2_us": 130.21,
      "readout_error": 0.0105,
      "class": "good"
    },
    "51": {
      "t1_us": 239.94,
      "t2_us": 261.32,
      "readout_error": 0.09961,
      "class": "bad"
    },
    "52": {
      "t1_us": 184.47,
      "t2_us": 195.0,
      "readout_error": 0.02881,
      "class": "good"
    },
    "53": {
      "t1_us": 358.97,
      "t2_us": 374.32,
      "readout_error": 0.01367,
      "class": "good"
    },
    "54": {
      "t1_us": 260.21,
      "t2_us": 313.56,
      "readout_error": 0.00952,
      "class": "good"
    },