{
  "golden": {
    "best_energy": -5.121121989399866,
    "best_step": 30,
    "energies": [
      -3.929410073625575,
      -4.150918280536038,
      -4.152786637083705,
      -4.403632575987452,
      -4.292767517214951,
      -4.3793179557024455,
      -4.419924020284432,
      -4.331467569084756,
      -4.312410362236105,
      -4.256265819392544,
      -4.283617216802243,
      -4.457008590344808,
      -4.496656145660724,
      -4.433267664461654,
      -4.361778688497481,
      -4.567213667040076,
      -4.676726241462477,
      -4.782397286522132,
      -4.736893222530345,
      -4.734190735531365,
      -4.716380807268683,
      -4.771582483611274,
      -4.856109016820616,
      -4.900181134477901,
      -4.989467558184926,
      -4.849067135973286,
      -4.884131647819618,
      -5.027245415895052,
      -5.011751311471674,
      -5.121121989399866
    ],
    "phi_bars": [
      NaN,
      1.5715633171888395,
      NaN,
      NaN,
      NaN,
      NaN
    ],
    "e1s": [
      NaN,
      1.0,
      NaN,
      NaN,
      NaN,
      NaN
    ],
    "wall_time_s": 1315.6616438,
    "is_baseline": false
  },
  "bronze": {
    "best_energy": -6.532060471350061,
    "best_step": 30,
    "energies": [
      -3.835518828161737,
      -3.977430774036588,
      -4.114187856751626,
      -3.9817856718095888,
      -4.447593621112639,
      -4.755774483896106,
      -5.223746074061481,
      -5.2331975723427036,
      -5.214493624308501,
      -5.183871192782591,
      -5.3511455929188685,
      -4.869419147472846,
      -5.589278557838487,
      -5.679725930336803,
      -5.526766533520469,
      -5.694729726833533,
      -5.908758833702021,
      -5.579201787588211,
      -5.884533344183634,
      -5.77906096287237,
      -5.679054733030368,
      -5.787315132762214,
      -5.946382129934504,
      -5.913441973584093,
      -6.241061293576976,
      -6.343844424003844,
      -6.40722035913859,
      -6.213515571877886,
      -6.162765248360829,
      -6.532060471350061
    ],
    "phi_bars": [
      NaN,
      NaN,
      NaN,
      NaN,
      1.5715633171888395,
      NaN
    ],
    "e1s": [
      NaN,
      NaN,
      NaN,
      NaN,
      1.0,
      NaN
    ],
    "wall_time_s": 1175.9755645999994,
    "is_baseline": false
  },
  "cocktail": {
    "best_energy": -5.508670611592246,
    "best_step": 29,
    "energies": [
      -5.052932492945667,
      -4.588727012316484,
      -5.133066597190714,
      -5.195309031078848,
      -5.102969164337866,
      -5.278494798930077,
      -5.106936352827769,
      -5.086302459510884,
      -4.869578037925393,
      -5.005943880781241,
      -4.845800391028481,
      -5.018991407093441,
      -5.0430672187425545,
      -4.993867411222618,
      -4.904778272617693,
      -5.0650017336492485,
      -5.183026034915212,
      -5.086362248335117,
      -5.2263315061580995,
      -5.133594152479764,
      -5.1150246446135865,
      -5.2851947341627294,
      -5.037207125461097,
      -5.277030853493297,
      -5.263502003895191,
      -5.479354872776485,
      -5.328184894937465,
      -5.4601823956926445,
      -5.508670611592246,
      -5.438077497457131
    ],
    "phi_bars": [
      NaN,
      NaN,
      NaN,
      NaN,
      NaN,
      NaN
    ],
    "e1s": [
      NaN,
      NaN,
      NaN,
      NaN,
      NaN,
      NaN
    ],
    "wall_time_s": 1169.19643,
    "is_baseline": false
  },
  "chaotic_logistic": {
    "best_energy": -5.041863605777919,
    "best_step": 28,
    "energies": [
      -4.492648205802605,
      -4.590873341238301,
      -4.528255917844758,
      -4.444564155550675,
      -4.607150637620068,
      -4.42214047150817,
      -4.53217847797237,
      -4.421177072976885,
      -4.436625382876242,
      -4.6862388620982856,
      -4.591095507696618,
      -4.623372790802701,
      -4.515790939892424,
      -4.690151183244437,
      -4.675552805541387,
      -4.66930961980809,
      -4.642755615753794,
      -4.7345013469124435,
      -4.701131242148138,
      -4.697956493957461,
      -4.764188805496157,
      -4.758381326334102,
      -4.7727268054506204,
      -4.890218254086479,
      -4.849159980746512,
      -4.713970224084442,
      -4.955194876544604,
      -5.041863605777919,
      -4.927561360241333,
      -4.93438541606955
    ],
    "phi_bars": [
      1.5715633171888395,
      NaN,
      NaN,
      NaN,
      NaN,
      NaN
    ],
    "e1s": [
      1.0,
      NaN,
      NaN,
      NaN,
      NaN,
      NaN
    ],
    "wall_time_s": 1185.9009287999997,
    "is_baseline": false
  },
  "uniform": {
    "best_energy": -5.365737145063793,
    "best_step": 22,
    "energies": [
      -4.188679652028955,
      -4.628981319524025,
      -4.888507205280215,
      -4.78417918530102,
      -4.426422559984863,
      -4.356674365059372,
      -4.423717602350564,
      -4.500118360195115,
      -4.483917947394418,
      -4.507467619996089,
      -4.371075349652216,
      -4.654853705876103,
      -4.584996299149161,
      -4.771124977373955,
      -4.718195490279621,
      -4.399032227756426,
      -4.480386864877139,
      -4.713661843395764,
      -4.675745367768845,
      -4.623464748936395,
      -4.796752894426584,
      -5.365737145063793,
      -4.988228713927816,
      -4.778276938966749,
      -4.83701823950469,
      -4.588648162912131,
      -4.901855555001742,
      -5.26144262703361,
      -5.21222837566788,
      -5.278103478123793
    ],
    "phi_bars": [
      NaN,
      1.5715633171888395,
      NaN,
      1.5715633171888395,
      NaN,
      NaN
    ],
    "e1s": [
      NaN,
      1.0,
      NaN,
      1.0,
      NaN,
      NaN
    ],
    "wall_time_s": 2147.286661799999,
    "is_baseline": true
  },
  "harmonic": {
    "best_energy": -4.945396498312882,
    "best_step": 17,
    "energies": [
      -4.115239618585045,
      -4.387234489281684,
      -4.44680834766772,
      -4.337746485584917,
      -4.286817548842254,
      -4.207636319854607,
      -4.410840803607771,
      -4.325035972603386,
      -4.253373304398478,
      -4.048388443103065,
      -4.145423560055235,
      -4.365789741929484,
      -4.241638948999499,
      -4.228918413341945,
      -4.24334418158192,
      -4.399907831894909,
      -4.945396498312882,
      -4.18828566435011,
      -4.110060605440477,
      -4.459159099842278,
      -4.506840784478271,
      -4.464961988088945,
      -4.51676399380019,
      -4.590405651315663,
      -4.594186232631442,
      -4.6715376288443675,
      -4.731909545687573,
      -4.80365166298302,
      -4.7497146475881635,
      -4.825981410252096
    ],
    "phi_bars": [
      NaN,
      NaN,
      NaN,
      1.5715633171888395,
      NaN,
      NaN
    ],
    "e1s": [
      NaN,
      NaN,
      NaN,
      1.0,
      NaN,
      NaN
    ],
    "wall_time_s": 1296.5645667999997,
    "is_baseline": true
  }
}